{
  "name": "XtraCardputer",
  "version": "2.1",
  "author": "XtraCardputer Development Team",
  "description": "Multi-Feature Handheld Computer - Games, Tools, Audio & Visual Effects for M5Cardputer",
  "category": "Entertainment",
  "website": "https://github.com/XtraCardputer/XtraCardputer",
  "image": "preview.jpg",
  "board": "M5Cardputer",
  "created": "2024-12-22",
  "modified": "2024-12-22",
  "size": "1538816",
  "download": "XtraCardputer_M5Cardputer-v2.1-MERGED.bin",
  "features": [
    "Complete XScreensaver Visual Effects Collection (50+ Effects)",
    "Retro Gaming Suite - Tetris & Tetroids (Asteroids Clone)",
    "MP3 Music Player with Shuffle & Auto-Play",
    "Advanced WiFi Scanner with Real-Time Updates",
    "Digital Matrix Message Portal (AP Mode)",
    "Bluetooth Beacon Spammer (10 Categories)",
    "Scientific Calculator with Visual Display",
    "Evil Portal Hater Tool",
    "Digital Clock with Visual Alarm System",
    "Full QWERTY Keyboard Navigation",
    "Professional Audio Engine with I2S Output"
  ],
  "games": [
    "Tetris - Portrait mode with Hold/Next piece preview",
    "Tetroids - Fast-paced Asteroids-style space shooter",
    "Both games optimized for M5Cardputer keyboard controls"
  ],
  "tools": [
    "WiFi Scanner - Real-time network detection with security info",
    "Matrix Portal - Create AP with artistic message system", 
    "Beacon Spammer - Multiple categories for testing",
    "Calculator - Basic math operations with sine wave border",
    "Evil Portal Hater - Custom message broadcaster",
    "Clock - Time display with settable visual alarm"
  ],
  "audio": [
    "MP3 Player - Supports SD card playback",
    "Shuffle mode toggle with S key",
    "Auto-play next track functionality",
    "I2S audio output for quality sound"
  ],
  "controls": {
    "Menu Navigation": "W/S keys or semicolon/period keys",
    "Enter": "Select menu option or Enter key",
    "Exit": "M key or Fn key (context dependent)",
    "Tetris": "Arrow keys + Space (drop) + X (rotate)",
    "Tetroids": "D/F rotate, K forward, L fire, P warp, O auto-fire",
    "MP3 Player": "M to exit, S to toggle shuffle",
    "Calculator": "Numbers, _ (subtract), = (add), X (multiply), D (divide)",
    "Visual Effects": "G (next), F (previous), Space (auto-mode)"
  },
  "technical": {
    "effects_count": "50+ Visual Effects",
    "memory_usage": {
      "ram": "38.0% (124,612 bytes of 327KB)",
      "flash": "45.5% (1,519,365 bytes of 3.3MB)"
    },
    "architecture": "Modular design with clean separation",
    "display_support": "240x135 TFT with rotation handling",
    "audio_engine": "ESP8266Audio library with I2S output",
    "networking": "WiFi AP/STA mode, Bluetooth beacons",
    "storage": "SD card support for MP3 files"
  },
  "installation": {
    "method": "Flash via M5Burner or esptool",
    "file": "XtraCardputer_M5Cardputer-v2.1-MERGED.bin", 
    "size": "1.5MB",
    "flash_address": "0x0000",
    "notes": "Complete merged binary includes bootloader and partitions"
  },
  "hardware_requirements": {
    "display": "240x135 TFT LCD (ST7789)",
    "input": "Full QWERTY keyboard + trackball + Button A",
    "processor": "ESP32-S3 dual-core 240MHz",
    "memory": "327KB SRAM + 8MB Flash minimum",
    "audio": "I2S speaker output",
    "storage": "MicroSD card for MP3 files (optional)",
    "connectivity": "WiFi 802.11b/g/n, Bluetooth 5.0"
  },
  "release_notes": {
    "v2.1": "Complete multi-feature handheld computer experience",
    "highlights": [
      "Dual gaming experience with Tetris and Tetroids",
      "Professional MP3 player with shuffle functionality",
      "Advanced networking tools (WiFi scanner, Matrix portal)",
      "Bluetooth beacon testing capabilities", 
      "Scientific calculator with visual enhancements",
      "Digital clock with visual alarm system",
      "50+ XScreensaver visual effects collection",
      "Optimized keyboard controls for all features",
      "Clean modular architecture for easy expansion"
    ],
    "innovation": "First comprehensive multi-tool firmware for M5Cardputer combining entertainment, utilities, and development tools"
  },
  "developer_info": {
    "platform": "PlatformIO with Arduino Framework",
    "libraries": [
      "M5Cardputer", "M5Unified", "ESP32Time", "ESP8266Audio",
      "DNSServer", "HTTPClient", "WebServer", "WiFi", "SD", "Preferences"
    ],
    "build_config": "ESP32-S3-DevKitC-1 board profile",
    "source_availability": "Open source - check project website"
  },
  "credits": {
    "base_projects": [
      "Bruce Firmware - Captive portal foundation",
      "Nemo Firmware - WiFi and Bluetooth tools", 
      "Open-Wifi-Scanner - Enhanced WiFi scanning",
      "Spamtastic Beacon - Bluetooth beacon categories",
      "XScreensaver Effects - Visual effects collection"
    ],
    "development": "Community-driven open source project"
  }
}