{
  "name": "XtraCardputer",
  "version": "2.0",
  "author": "XtraCardputer Development Team",
  "description": "Complete Multi-Tool Suite for M5Cardputer - Games, Utilities, WiFi Tools, and Entertainment",
  "category": "Multi-Tool",
  "website": "https://github.com/XtraCardputer/XtraCardputer",
  "image": "preview.jpg",
  "board": "M5Cardputer",
  "created": "2024-12-22",
  "modified": "2024-12-22",
  "size": "807792",
  "download": "XtraCardputer-v2.0-MERGED.bin",
  "features": [
    "Complete Gaming Suite - Tetris (Portrait Mode), Tetroids (Asteroids Clone)",
    "MP3 Music Player with Shuffle Support",
    "Advanced WiFi Scanner with Network Details",
    "Matrix Rain Message Portal (Captive Portal)",
    "Evil Portal Detection & Custom Portal Hater",
    "Spamtastic Beacon Spammer with 10 Categories",
    "Simple Calculator with Basic Math Operations",
    "Digital Clock with Settings and Alarm",
    "Full QWERTY Keyboard Navigation"
  ],
  "tools_included": [
    "Tetris Game (Portrait Mode with Hold/Next pieces)",
    "Tetroids Asteroids (Space shooter with physics)",
    "MP3 Player (SD card support, shuffle, auto-play)",
    "WiFi Scanner (Advanced network analysis)",
    "Matrix Portal (Message exchange system)",
    "Portal Hater (Evil portal detection)",
    "Beacon Spammer (10 categories of WiFi beacons)",
    "Calculator (Basic arithmetic operations)",
    "Clock (Time display with alarm settings)"
  ],
  "controls": {
    "Menu Navigation": "W/S keys or semicolon/period keys",
    "Select": "Enter key",
    "Exit to Menu": "Fn or M key (context dependent)",
    "Tetris": "WASD movement, Q/E rotate, Space drop",
    "Tetroids": "D/F rotate, K thrust, L fire, P warp, O auto-fire",
    "MP3 Player": "W/S navigate, Enter play/pause, M exit, S shuffle",
    "Calculator": "Number keys, _subtract, =add, Xmultiply, Ddivide"
  },
  "technical": {
    "games_count": 2,
    "tools_count": 7,
    "total_features": 9,
    "memory_usage": {
      "ram": "Optimized for ESP32-S3",
      "flash": "807KB total compiled size"
    },
    "display_modes": "Portrait (Tetris) and Landscape (all others)",
    "audio_support": "MP3 playback via I2S",
    "storage": "SD card support for MP3 files"
  },
  "installation": {
    "method": "Flash via M5Burner or esptool",
    "file": "XtraCardputer-v2.0-MERGED.bin",
    "size": "807KB",
    "flash_address": "0x0000",
    "notes": "Complete merged binary includes bootloader and partitions"
  },
  "hardware_requirements": {
    "device": "M5Cardputer",
    "display": "240x135 TFT LCD",
    "input": "Full QWERTY keyboard + trackball",
    "storage": "SD card (optional, for MP3 files)",
    "processor": "ESP32-S3 dual-core",
    "memory": "8MB Flash minimum"
  },
  "release_notes": {
    "v2.0": "Complete multi-tool suite with games, utilities, and WiFi tools",
    "highlights": [
      "Portrait mode Tetris with proper hold/next piece display",
      "Tetroids asteroids game with physics engine",
      "Advanced WiFi scanner with detailed network information",
      "Matrix Rain message portal for digital communications",
      "Complete beacon spammer with 10 categories",
      "MP3 player with shuffle and auto-play features",
      "Simple calculator with all basic operations",
      "Digital clock with alarm settings"
    ],
    "innovation": "First complete multi-tool suite specifically designed for M5Cardputer"
  },
  "developer_info": {
    "platform": "PlatformIO with Arduino Framework",
    "libraries": ["M5Cardputer", "M5Unified", "WiFi", "SD"],
    "build_config": "ESP32-S3-DevKitC-1 board profile",
    "architecture": "Modular menu system with individual tool modules"
  }
}